no,homo_HIL,thickness_HIL,lumo_HTL1,homo_HTL1,thickness_HTL1,lumo_HTL2,homo_HTL2,thickness_HTL2,lumo_HTL3,homo_HTL3,thickness_HTL3,total_HTL_thickness,triplet_HTL,lumo_EML,homo_EML,triplet_HOST,thickness_EML,lumo_dopant,homo_dopant,triplet_dopant,dopant_percentage,triplet_ETL,total_ETL_thickness,lumo_ETL1,homo_ETL1,thickness_ETL1,lumo_ETL2,homo_ETL2,thickness_ETL2,cathode_workfunction,thickness_cathode1,cd/A
1,5.2,25,3.3,5.2,0,3.3,5.2,0,3.3,5.2,0,0,0,1.83,5.27,2.88,35,3,5.7,2.7,11,2.6,35,2.8,6.2,0,2.8,6.2,35,2.8,10,5
2,5.2,25,3.3,5.2,0,3.3,5.2,0,3.3,5.2,0,0,0,2,5.5,2.87,35,3,5.7,2.7,15,2.6,35,2.8,6.2,0,2.8,6.2,35,2.8,10,4
3,5.2,25,3.3,5.2,0,3.3,5.2,0,3.3,5.2,0,0,0,1.83,5.27,2.88,35,3,5.7,2.7,15,2.6,35,2.8,6.2,0,2.8,6.2,35,2.8,10,9
4,5.2,25,3.3,5.2,0,3.3,5.2,0,3.3,5.2,0,0,0,1.83,5.5,2.88,35,3,5.7,2.7,15,2.6,35,2.8,6.2,0,2.8,6.2,35,2.8,10,12
5,5.2,25,3.3,5.2,0,3.3,5.2,0,3.3,5.2,0,0,0,1.83,5.27,2.88,35,3,5.7,2.7,20,2.6,35,2.8,6.2,0,2.8,6.2,35,2.8,10,8
6,9.5,10,2,5.5,45,2,5.5,0,2,5.5,0,45,2.87,1.74,5.13,2.84,20,3,5.7,2.7,15,2.75,40,2.73,6.68,0,2.73,6.68,40,2.8,2,20.9
7,9.5,10,2,5.5,45,2,5.5,0,2,5.5,0,45,2.87,1.79,5.1,2.86,20,3,5.7,2.7,15,2.75,40,2.73,6.68,0,2.73,6.68,40,2.8,2,33.2
8,4.7,0,2.5,5.2,30,2.4,5.9,20,2.4,5.9,0,50,3,2.19,5.76,3.01,30,3,5.7,2.7,8,2.76,40,2.26,5.85,0,2.26,5.85,40,3.5,1,32.25
9,9.7,2,1.9,9.7,30,1.9,5.1,10,1.6,4.9,10,50,3.14,2.9,6,3.14,10,3,5.7,2.7,10,2.5,40,3,6.4,0,3,6.4,40,3.5,1,7.37
10,9.7,2,1.9,9.7,30,1.9,5.1,10,1.6,4.9,10,50,3.14,2.9,6,3.14,20,3,5.7,2.7,10,2.5,30,3,6.4,0,3,6.4,30,3.5,1,8.44
11,9.5,10,2,5.5,50,2,5.5,0,2,5.5,0,50,2.87,2.39,5.54,2.68,20,3,5.7,2.7,15,2.75,40,2.73,6.68,0,2.73,6.68,40,2.8,2,14.6
12,5.2,60,2,5.5,30,2,5.5,0,2,5.5,0,30,2.87,2.27,5.85,2.86,25,2.21,4.95,2.7,10,3.36,35,2.5,6.8,5,2.8,6.2,30,3.5,1,50.42
13,5.2,60,2,5.5,30,2,5.5,0,2,5.5,0,30,2.87,2.28,5.8,2.91,25,2.21,4.95,2.7,10,3.36,35,2.5,6.8,5,2.8,6.2,30,3.5,1,49.94
14,6.1,45,2.4,5.9,15,2.4,5.9,0,2.4,5.9,0,15,2.9,2.4,7.5,2.64,30,3,5.7,2.7,10,2.99,70,3.47,7.5,20,3.47,7.5,50,4.28,0,64.38
15,6.1,30,2.4,5.9,20,2.4,5.9,0,2.4,5.9,0,20,3,3.2,7,2.8,20,3,5.8,2.9,12,2.8,20,3.2,7,0,3.2,7,20,4.3,0,8.86
16,6.1,30,2.4,5.9,20,2.4,5.9,0,2.4,5.9,0,20,3,2.4,5.9,2.9,20,3,5.8,2.9,12,2.8,20,3.2,7,0,3.2,7,20,4.3,0,9.51
17,6.1,30,2.4,5.9,20,2.4,5.9,0,2.4,5.9,0,20,3,2.4,7,3,10,3,5.8,2.9,12,2.8,20,3.2,7,0,3.2,7,20,4.3,0,30.76
18,6.1,30,2.4,5.9,20,2.4,5.9,0,2.4,5.9,0,20,3,2.4,7,3,20,3,5.8,2.9,12,2.8,20,3.2,7,0,3.2,7,20,4.3,0,37.97
19,6.1,30,2.4,5.9,20,2.4,5.9,0,2.4,5.9,0,20,3,2.4,7,3,30,3,5.8,2.9,12,2.8,20,3.2,7,0,3.2,7,20,4.3,0,36.68
20,6.1,30,2.4,5.9,20,2.4,5.9,0,2.4,5.9,0,20,3,2.4,7,3,40,3,5.8,2.9,12,2.8,20,3.2,7,0,3.2,7,20,4.3,0,34.04
21,5.2,55,2,5.5,20,2.4,5.9,10,2.4,5.9,0,30,3,2.3,5.86,2.94,25,3,5.7,2.7,10,2.75,35,2.73,6.68,0,2.73,6.68,35,3.5,1,26
22,5.2,55,2,5.5,20,2.4,5.9,10,2.4,5.9,0,30,3,2.3,5.86,2.94,25,3,5.7,2.7,10,2.75,35,2.73,6.68,0,2.73,6.68,35,3.5,1,43.2
23,5.2,55,2,5.5,20,2.4,5.9,10,2.4,5.9,0,30,3,2.24,5.78,2.95,25,3,5.7,2.7,10,2.75,35,2.73,6.68,0,2.73,6.68,35,3.5,1,33.9
24,5.2,55,2,5.5,20,2.4,5.9,10,2.4,5.9,0,30,3,2.4,5.9,3,25,3,5.7,2.7,10,2.75,35,2.73,6.68,0,2.73,6.68,35,3.5,1,33.6
25,9.5,5,2,5.5,40,2,5.5,0,2,5.5,0,40,2.87,2.63,5.95,2.94,25,3,5.7,2.7,10,2.75,30,2.73,6.68,0,2.73,6.68,30,3.5,1,15.3
26,9.5,5,2,5.5,40,2,5.5,0,2,5.5,0,40,2.87,2.63,5.95,2.94,25,3,5.7,2.7,15,2.75,30,2.73,6.68,0,2.73,6.68,30,3.5,1,21
27,9.5,5,2,5.5,40,2,5.5,0,2,5.5,0,40,2.87,2.63,5.95,2.94,25,3,5.7,2.7,20,2.75,30,2.73,6.68,0,2.73,6.68,30,3.5,1,11.1
28,9.5,5,2,5.5,40,2,5.5,0,2,5.5,0,40,2.87,2.4,5.9,3,25,3,5.7,2.7,8,2.75,30,2.73,6.68,0,2.73,6.68,30,3.5,1,9.5
29,5.3,3,2.4,5.7,25,2.4,5.7,0,2.4,5.7,0,25,2.94,2.4,5.9,3,15,2.6,5.5,2.74,4.5,2.6,35,2.8,6.2,0,2.8,6.2,35,3.5,1,4.5
30,4.7,0,2.5,5.2,30,2.4,5.7,10,2.4,5.7,0,40,2.82,2.7,5.8,2.6,30,2.7,5.5,2.67,8,2.6,35,2.8,6.2,0,2.8,6.2,35,3.5,1,8
31,4.7,0,2.5,5.4,50,2.4,5.9,10,2.4,5.9,0,60,3,2.3,5.9,3.1,30,3,5.7,2.7,9,2.7,45,2.7,6.3,0,2.7,6.3,45,3.5,1,37.8
32,5.2,60,2.5,5.2,5,2.4,5.9,10,2.4,5.9,0,15,3,2.56,6.08,3,30,2.98,5.72,2.74,3,3.36,20,2.5,6.8,0,2.5,6.8,20,3.5,1,21.5
33,5.2,60,2.5,5.2,5,2.4,5.9,10,2.4,5.9,0,15,3,2.48,6.09,3.04,30,2.98,5.72,2.74,3,3.36,20,2.5,6.8,0,2.5,6.8,20,3.5,1,19
34,5.3,10,2.5,5.2,70,2.4,5.9,5,2.4,5.9,0,75,3,2.28,5.76,2.81,40,3,5.7,2.7,7,2.75,40,2.73,6.68,0,2.73,6.68,40,3.5,1,31.7
35,5.3,10,2.5,5.2,70,2.4,5.9,5,2.4,5.9,0,75,3,2.38,6.16,2.87,40,3,5.7,2.7,7,2.75,40,2.73,6.68,0,2.73,6.68,40,3.5,1,30.1
36,5.3,10,2.5,5.2,70,2.4,5.9,5,2.4,5.9,0,75,3,2.32,5.8,2.81,40,3,5.7,2.7,7,2.75,40,2.73,6.68,0,2.73,6.68,40,3.5,1,20.5
37,5.3,10,2.5,5.2,70,2.4,5.9,5,2.4,5.9,0,75,3,2.35,6.23,2.87,40,3,5.7,2.7,7,2.75,40,2.73,6.68,0,2.73,6.68,40,3.5,1,28.1
38,5.3,10,2.5,5.2,70,2.4,5.7,5,2.4,5.7,0,75,2.82,2.12,5.64,2.62,10,3,5.7,2.7,12,2.6,30,2.8,6.2,0,2.8,6.2,30,3.5,1,20.5
39,5.3,10,2.5,5.2,70,2.4,5.7,5,2.4,5.7,0,75,2.82,2.07,5.6,2.66,10,3,5.7,2.7,12,2.6,30,2.8,6.2,0,2.8,6.2,30,3.5,1,28.7
40,5.3,10,2.5,5.2,70,2.4,5.7,5,2.4,5.7,0,75,2.82,2.09,5.66,2.73,10,3,5.7,2.7,12,2.6,30,2.8,6.2,0,2.8,6.2,30,3.5,1,22.8
41,5.3,10,2.5,5.2,70,2.4,5.7,5,2.4,5.7,0,75,2.82,2.07,5.6,2.66,10,3.1,6.1,2.72,12,2.75,35,2.73,6.68,0,2.73,6.68,35,3.5,1,11.5
42,5.3,10,2.5,5.2,70,2.4,5.7,5,2.4,5.7,0,75,2.82,2.09,5.66,2.73,10,3.1,6.1,2.72,12,2.75,35,2.73,6.68,0,2.73,6.68,35,3.5,1,11.1
43,5.2,60,2.5,5.2,20,2.4,5.9,10,2.4,5.9,0,30,3,3,6.25,2.81,30,3,5.7,2.7,10,3.36,25,2.5,6.8,0,2.5,6.8,25,3.5,1,32
44,5.2,60,2.5,5.2,20,2.4,5.9,10,2.4,5.9,0,30,3,2.77,6.31,3.01,30,3,5.7,2.7,10,3.36,25,2.5,6.8,0,2.5,6.8,25,3.5,1,20.4
45,5.2,60,2.5,5.2,20,2.4,5.9,10,2.4,5.9,0,30,3,3,6.25,2.81,30,3,5.8,2.9,10,3.36,25,2.5,6.8,0,2.5,6.8,25,3.5,1,12
46,5.2,60,2.5,5.2,20,2.4,5.9,10,2.4,5.9,0,30,3,2.77,6.31,3.01,30,3,5.8,2.9,10,3.36,25,2.5,6.8,0,2.5,6.8,25,3.5,1,22.4
47,5.2,30,2.4,5.7,30,2.4,5.7,0,2.4,5.7,0,30,2.98,2.26,5.7,2.93,20,3.12,5.85,2.77,10,3.36,25,2.5,6.8,0,2.5,6.8,25,3.5,1,21.2
48,5.2,30,2.4,5.7,30,2.4,5.7,0,2.4,5.7,0,30,2.98,2.26,5.7,2.93,20,3.16,5.96,2.77,10,3.36,25,2.5,6.8,0,2.5,6.8,25,3.5,1,28.2
49,5.3,3.5,2,5.5,40,2,5.5,0,2,5.5,0,40,2.87,2.57,5.98,2.73,20,3,5.7,2.7,8,2.75,40,2.73,6.68,0,2.73,6.68,40,2.8,2.5,29.6
50,5.3,3.5,2,5.5,40,2,5.5,0,2,5.5,0,40,2.87,2.56,5.99,2.74,20,3,5.7,2.7,8,2.75,40,2.73,6.68,0,2.73,6.68,40,2.8,2.5,28
51,5.3,3.5,2,5.5,40,2,5.5,0,2,5.5,0,40,2.87,2.76,6.2,2.74,20,3,5.7,2.7,8,2.75,40,2.73,6.68,0,2.73,6.68,40,2.8,2.5,19.7
52,5.3,3.5,2,5.5,40,2,5.5,0,2,5.5,0,40,2.87,2.53,5.94,2.75,20,3,5.7,2.7,8,2.75,40,2.73,6.68,0,2.73,6.68,40,2.8,2.5,36.5
53,5.3,3.5,2,5.5,40,2,5.5,0,2,5.5,0,40,2.87,2.61,6.01,2.75,20,3,5.7,2.7,8,2.75,40,2.73,6.68,0,2.73,6.68,40,2.8,2.5,35.9
54,5.3,3.5,2,5.5,40,2,5.5,0,2,5.5,0,40,2.87,2.57,5.98,2.79,20,3,5.7,2.7,8,2.75,40,2.73,6.68,0,2.73,6.68,40,2.8,2.5,30.9
55,5.3,3.5,2,5.5,40,2,5.5,0,2,5.5,0,40,2.87,2.64,6.05,2.85,20,3,5.7,2.7,8,2.75,40,2.73,6.68,0,2.73,6.68,40,2.8,2.5,24.8
56,5.2,30,2,5.5,20,2.4,5.9,8,2.4,5.9,0,28,3,1.96,5.56,3,20,3,5.7,2.7,15,2.75,35,2.73,6.68,0,2.73,6.68,35,3.5,1,19.9
57,5.2,30,2,5.5,20,2.4,5.9,8,2.4,5.9,0,28,3,2.08,5.71,3,20,3,5.7,2.7,15,2.75,35,2.73,6.68,0,2.73,6.68,35,3.5,1,10.4
58,5.2,30,2,5.5,20,2.4,5.9,8,2.4,5.9,0,28,3,1.94,5.63,3.02,20,3,5.7,2.7,15,2.75,35,2.73,6.68,0,2.73,6.68,35,3.5,1,19.3
59,5.2,30,2,5.5,20,2.4,5.9,8,2.4,5.9,0,28,3,2.08,5.76,3.02,20,3,5.7,2.7,15,2.75,35,2.73,6.68,0,2.73,6.68,35,3.5,1,30.8
60,5.3,1,2.5,5.5,40,2.4,5.9,5,2.4,5.9,0,45,3,2.7,6.5,2.8,30,3,5.7,2.7,10,2.8,30,2.7,6.5,0,2.7,6.5,30,3.5,1,29.4
61,5.3,1,2.5,5.2,40,2.4,5.9,5,2.4,5.9,0,45,3,2.7,6.5,2.8,30,3,5.7,2.7,10,2.8,30,2.7,6.5,0,2.7,6.5,30,3.5,1,27.7
62,5.2,60,2.5,5.2,20,2.4,5.9,10,2.4,5.9,0,30,3,2.64,6.13,3,30,2.98,5.72,2.74,3,3.36,20,2.5,6.8,0,2.5,6.8,20,3.5,1,26.99
63,5.2,60,2.5,5.2,20,2.4,5.9,10,2.4,5.9,0,30,3,2.64,6.13,3,30,2.98,5.72,2.74,3,3.36,20,2.5,6.8,0,2.5,6.8,20,3.5,1,33.08
64,5.2,60,2.2,5.8,10,2.2,5.8,0,2.2,5.8,0,10,2.58,2.91,6.56,2.35,33,3,5.7,2.7,10,2.7,30,2.91,6.56,0,2.91,6.56,30,3.5,1,15.2
65,5.2,60,3.3,5.2,0,3.3,5.2,0,3.3,5.2,0,0,0,2.2,5.8,2.58,10,3,5.7,2.7,10,2.7,60,2.91,6.56,30,2.91,6.56,30,3.5,1,24
66,5.2,60,3.3,5.2,0,3.3,5.2,0,3.3,5.2,0,0,0,2.2,5.8,2.58,10,3,5.7,2.7,10,2.7,30,2.91,6.56,0,2.91,6.56,30,3.5,1,19.3
67,5.2,40,2,5.5,20,2.4,5.9,10,2.4,5.9,0,30,3,2.4,5.7,2.83,25,3,5.8,2.9,5,3.36,25,2.5,6.8,5,2.8,6.2,20,3.5,1.5,17.7
68,5.2,40,2,5.5,20,2.4,5.9,10,2.4,5.9,0,30,3,2.4,5.7,2.94,25,3,5.8,2.9,5,3.36,25,2.5,6.8,5,2.8,6.2,20,3.5,1.5,22.4
69,5.2,40,2,5.5,20,2.4,5.9,10,2.4,5.9,0,30,3,2.3,5.8,2.95,25,3,5.8,2.9,5,3.36,25,2.5,6.8,5,2.8,6.2,20,3.5,1.5,20.4
70,5.2,40,2,5.5,20,2.4,5.9,10,2.4,5.9,0,30,3,2.4,5.7,2.82,25,3,5.8,2.9,5,3.36,25,2.5,6.8,5,2.8,6.2,20,3.5,1.5,8.5
71,5.2,40,2,5.5,20,2.4,5.9,10,2.4,5.9,0,30,3,3.1,6.7,3.07,25,3,5.8,2.9,5,3.36,25,2.5,6.8,5,2.8,6.2,20,3.5,1.5,18.6
72,5.2,40,2,5.5,20,2.4,5.9,10,2.4,5.9,0,30,3,2.3,5.9,3.15,25,3,5.8,2.9,5,3.36,25,2.5,6.8,5,2.8,6.2,20,3.5,1.5,13.6
73,5.3,2,2.4,5.7,50,2.4,5.7,0,2.4,5.7,0,50,2.82,2.8,6.2,2.6,30,3,5.7,2.7,10,2.6,30,2.8,6.2,0,2.8,6.2,30,2.8,1,3.78
74,5.3,2,2.4,5.7,50,2.4,5.7,0,2.4,5.7,0,50,2.82,2.4,6.2,2.98,30,3,5.7,2.7,10,2.6,30,2.8,6.2,0,2.8,6.2,30,2.8,1,18.42
75,5.3,2,2.4,5.7,50,2.4,5.7,0,2.4,5.7,0,50,2.82,2.4,5.7,2.82,30,3,5.7,2.7,10,2.6,30,2.8,6.2,0,2.8,6.2,30,2.8,1,5.47
76,5.3,2,2.4,5.7,50,2.4,5.7,0,2.4,5.7,0,50,2.82,2.4,6.2,2.98,30,3,5.7,2.7,10,2.6,30,2.8,6.2,0,2.8,6.2,30,2.8,1,16.01
77,4.7,0,2.5,5.2,50,2.4,5.9,10,2.4,5.9,0,60,2.9,2.3,5.9,3.1,40,3,5.7,2.7,6,2.7,45,2.7,6.3,0,2.7,6.3,45,3.5,1.2,40.9
78,4.7,0,2.5,5.2,50,2.4,5.9,10,2.4,5.9,0,60,2.9,2.3,5.9,3.1,40,3,5.7,2.7,9,2.7,45,2.7,6.3,0,2.7,6.3,45,3.5,1.2,43.5
79,4.7,0,2.5,5.2,50,2.4,5.9,10,2.4,5.9,0,60,2.9,2.3,5.9,3.1,40,3,5.7,2.7,12,2.7,45,2.7,6.3,0,2.7,6.3,45,3.5,1.2,40.1
80,4.7,0,2.5,5.2,50,2.4,5.9,10,2.4,5.9,0,60,2.9,2.7,6.3,2.7,40,3,5.7,2.7,9,2.7,45,2.7,6.3,0,2.7,6.3,45,3.5,1.2,22.4
81,4.7,0,2.5,5.2,50,2.4,5.9,10,2.4,5.9,0,60,2.9,2.3,5.9,3.1,40,3,5.7,2.7,9,2.7,47,2.7,6.3,0,2.7,6.3,47,3.5,1.2,44.5
82,4.7,0,2.5,5.2,50,2.4,5.9,10,2.4,5.9,0,60,2.9,2.3,5.9,3.1,40,3,5.7,2.7,9,2.7,50,2.7,6.3,0,2.7,6.3,50,3.5,1.2,43
83,5.3,3,2.5,5.2,50,2.5,5.2,0,2.5,5.2,0,50,2.3,2.18,5.68,2.7,15,3,5.7,2.7,15,2.6,25,2.8,6.2,0,2.8,6.2,25,2.9,15,8
84,5.3,3,1.9,5.1,50,1.9,5.1,0,1.9,5.1,0,50,2.67,2.18,5.68,2.7,15,3,5.7,2.7,15,2.6,28,2.8,6.2,25,3.5,7,3,2.9,15,11
85,5.3,3,2.5,5.2,50,2.5,5.2,0,2.5,5.2,0,50,2.3,2.2,5.7,3.06,15,3,5.7,2.7,15,2.6,25,2.8,6.2,0,2.8,6.2,25,2.9,15,9
86,5.3,3,1.9,5.1,50,1.9,5.1,0,1.9,5.1,0,50,2.67,2.2,5.7,3.06,15,3,5.7,2.7,15,2.6,28,2.8,6.2,25,3.5,7,3,2.9,15,7
87,5.3,3,1.9,5.1,50,1.9,5.1,0,1.9,5.1,0,50,2.67,2.21,5.72,3.06,15,3,5.7,2.7,15,2.6,28,2.8,6.2,25,3.5,7,3,2.9,15,2
88,5.3,8,2,5.5,40,2.4,5.9,5,2.4,5.9,0,45,3,2.8,6.2,2.6,10,3,5.7,2.7,8,2.6,45,2.8,6.2,5,2.73,6.68,40,3.5,1,21
89,5.3,8,2,5.5,40,2.4,5.9,5,2.4,5.9,0,45,3,2.55,6.02,2.63,10,3,5.7,2.7,8,2.75,45,2.55,6.02,5,2.73,6.68,40,3.5,1,9.8
90,5.3,8,2,5.5,40,2.4,5.9,5,2.4,5.9,0,45,3,2.55,6,2.64,10,3,5.7,2.7,8,2.75,45,2.55,6,5,2.73,6.68,40,3.5,1,28
91,5.3,8,2,5.5,40,2.4,5.9,5,2.4,5.9,0,45,3,2.48,5.97,2.68,10,3,5.7,2.7,8,2.75,45,2.48,5.97,5,2.73,6.68,40,3.5,1,19.8
92,9.7,6,2,5.5,70,2,5.5,0,2,5.5,0,70,2.87,2.46,6.07,2.97,20,3,5.7,2.7,10,2.75,40,2.73,6.68,0,2.73,6.68,40,3.5,1,36
93,9.7,6,2,5.5,70,2,5.5,0,2,5.5,0,70,2.87,2.33,6.07,2.97,20,3,5.7,2.7,10,2.75,40,2.73,6.68,0,2.73,6.68,40,3.5,1,28
94,9.7,6,2,5.5,70,2,5.5,0,2,5.5,0,70,2.87,2.4,5.9,3,20,3,5.7,2.7,10,2.75,40,2.73,6.68,0,2.73,6.68,40,3.5,1,24
95,5.3,10,2,5.6,70,2,5.6,0,2,5.6,0,70,2.87,2.4,5.9,3,20,3,5.7,2.7,8,2.75,45,2.73,6.68,0,2.73,6.68,45,3.5,1,26.3
96,5.3,10,2,5.6,70,2,5.6,0,2,5.6,0,70,2.87,2.4,5.9,3,20,3,5.7,2.7,8,2.75,50,2.73,6.68,5,2.88,6.01,45,3.5,1,21.8
97,5.3,10,2,5.6,70,2,5.6,0,2,5.6,0,70,2.87,2.4,5.9,3,20,3,5.7,2.7,8,2.75,50,2.73,6.68,5,2.88,6.02,45,3.5,1,20.8
98,5.3,10,2,5.6,70,2,5.6,0,2,5.6,0,70,2.87,2.4,5.9,3,20,3,5.7,2.7,8,2.74,45,2.73,6.12,0,2.73,6.12,45,3.5,1,27.6
99,5.3,10,2,5.6,70,2,5.6,0,2,5.6,0,70,2.87,2.4,5.9,3,20,3,5.7,2.7,8,2.69,45,2.75,6.13,0,2.75,6.13,45,3.5,1,25.3
100,5.3,5,2.5,5.2,25,2.4,5.9,10,2.4,5.9,0,35,3,2.46,5.7,2.94,20,3,5.7,2.7,9,2.75,40,2.73,6.68,0,2.73,6.68,40,3.5,1,41.7
101,5.3,5,2.5,5.2,25,2.4,5.9,10,2.4,5.9,0,35,3,2.67,5.92,2.93,20,3,5.7,2.7,9,2.75,40,2.73,6.68,0,2.73,6.68,40,3.5,1,40.8
102,5.3,5,2.5,5.2,25,2.4,5.9,10,2.4,5.9,0,35,3,2.39,5.72,2.96,20,3,5.7,2.7,9,2.75,40,2.73,6.68,0,2.73,6.68,40,3.5,1,42.6
103,5.3,5,2.5,5.2,25,2.4,5.9,10,2.4,5.9,0,35,3,2.45,5.73,2.78,20,3,5.7,2.7,9,2.75,40,2.73,6.68,0,2.73,6.68,40,3.5,1,34.9
104,9.5,10,2.5,5.2,10,2.4,5.7,5,2.39,5.75,5,20,2.82,2.39,5.75,2.96,20,3,5.7,2.7,8,2.75,50,2.73,6.68,0,2.73,6.68,50,2.8,1,45.4
105,9.5,10,2.5,5.2,10,2.4,5.7,5,2.49,5.69,5,20,2.82,2.49,5.69,2.91,20,3,5.7,2.7,8,2.75,50,2.73,6.68,0,2.73,6.68,50,2.8,1,33
106,9.5,10,2.5,5.2,10,2.4,5.7,5,2.46,5.71,5,20,2.82,2.46,5.71,2.94,20,3,5.7,2.7,8,2.75,50,2.73,6.68,0,2.73,6.68,50,2.8,1,42.9
107,9.5,10,2.5,5.2,10,2.4,5.7,5,2.46,5.7,5,20,2.82,2.46,5.7,2.94,20,3,5.7,2.7,8,2.75,50,2.73,6.68,0,2.73,6.68,50,2.8,1,41.7
108,5.2,60,2.5,5.2,10,2.4,5.9,10,2.4,5.9,0,20,3,2.56,6.13,2.99,30,2.98,5.72,2.74,10,3.36,15,2.5,6.8,0,2.5,6.8,15,3.5,1,22.2
109,5.2,60,2,5.5,30,2,5.5,0,2,5.5,0,30,2.87,2.4,6.1,2.8,25,2.21,4.95,2.7,10,3.36,35,2.5,6.8,5,2.8,6.2,30,3.5,1,46.6
110,5.2,60,2,5.5,30,2,5.5,0,2,5.5,0,30,2.87,2.95,6.06,2.79,25,2.21,4.95,2.7,10,3.36,35,2.5,6.8,5,2.8,6.2,30,3.5,1,47.77
111,5.2,60,2,5.5,30,2,5.5,0,2,5.5,0,30,2.87,2.4,6.1,2.8,25,2.21,4.95,2.7,10,3.36,35,2.5,6.8,5,2.8,6.2,30,3.5,1,36.52
112,4.7,0,2,5.6,75,2,5.6,0,2,5.6,0,75,2.87,3,5.7,2.93,25,3,5.7,2.7,3,2.75,40,2.73,6.68,0,2.73,6.68,40,3.5,1.5,51.8
113,4.7,0,2,5.6,75,2,5.6,0,2,5.6,0,75,2.87,3,5.7,2.93,15,3,5.7,2.7,3,2.75,40,2.73,6.68,0,2.73,6.68,40,3.5,1.5,36.2
114,5.2,60,2,5.5,45,2,5.5,0,2,5.5,0,45,2.87,2.4,5.9,3,20,3,5.7,2.7,8,2.75,35,2.73,6.68,0,2.73,6.68,35,3.5,0.5,36.4
115,9.5,10,2,5.5,40,2.4,5.7,10,2.4,5.7,0,50,2.82,1.98,5.54,2.77,20,3,5.7,2.7,15,2.75,45,2.73,6.68,0,2.73,6.68,45,2.8,2,39
116,9.5,10,2,5.5,40,2.4,5.7,10,2.4,5.7,0,50,2.82,1.97,5.43,2.75,20,3,5.7,2.7,15,2.75,45,2.73,6.68,0,2.73,6.68,45,2.8,2,32.2
117,9.5,10,2,5.5,40,2.4,5.7,10,2.4,5.7,0,50,2.82,2.02,5.45,2.74,20,3,5.7,2.7,15,2.75,45,2.73,6.68,0,2.73,6.68,45,2.8,2,38.4
118,9.5,10,2,5.5,40,2.4,5.7,10,2.4,5.7,0,50,2.82,1.88,5.29,2.72,20,3,5.7,2.7,15,2.75,45,2.73,6.68,0,2.73,6.68,45,2.8,2,32.6
119,9.5,10,2,5.5,40,2.4,5.7,10,2.4,5.7,0,50,2.82,2.4,5.9,3,20,3,5.7,2.7,15,2.75,45,2.73,6.68,0,2.73,6.68,45,2.8,2,36.1
120,5.3,3,2,5.5,50,2,5.5,0,2,5.5,0,50,2.87,2.6,6.1,2.71,15,3,5.7,2.7,10,2.75,50,2.73,6.68,0,2.73,6.68,50,3.5,1,9.95
121,9.5,10,2,5.8,40,2,5.8,0,2,5.8,0,40,2.87,2.02,5.56,2.84,20,3,5.7,2.7,5,2.75,45,2.73,6.68,0,2.73,6.68,45,2.8,2,40.8
122,9.5,10,2,5.5,40,2,5.5,0,2,5.5,0,40,2.87,2.02,5.56,2.84,20,3,5.7,2.7,5,2.75,45,2.73,6.68,0,2.73,6.68,45,2.8,2,36.6
123,9.5,10,2,5.5,45,2,5.5,0,2,5.5,0,45,2.87,2.12,5.57,2.8,20,3,5.7,2.7,15,2.75,40,2.73,6.68,0,2.73,6.68,40,2.8,2,51.9
124,9.5,10,2,5.5,40,2.4,5.7,10,2.4,5.7,0,50,2.82,2.02,5.46,2.97,20,3,5.7,2.7,15,2.75,45,2.73,6.68,0,2.73,6.68,45,2.8,2,37.3
125,9.5,10,2,5.5,40,2.4,5.7,10,2.4,5.7,0,50,2.82,2.06,5.51,2.99,20,3,5.7,2.7,15,2.75,45,2.73,6.68,0,2.73,6.68,45,2.8,2,41.4
126,9.5,10,2,5.5,40,2.4,5.7,10,2.4,5.7,0,50,2.82,1.96,5.4,3,20,3,5.7,2.7,15,2.75,45,2.73,6.68,0,2.73,6.68,45,2.8,2,25.3
127,9.5,10,2,5.5,40,2.4,5.7,10,2.4,5.7,0,50,2.82,2.01,5.54,3,20,3,5.7,2.7,15,2.75,45,2.73,6.68,0,2.73,6.68,45,2.8,2,25.9
128,4.7,0,2,5.6,50,2.4,5.9,10,2.4,5.9,0,60,3,2.3,5.8,3.1,30,3,5.7,2.7,6,2.7,45,2.5,6.5,0,2.5,6.5,45,3.5,0.9,47.3
129,4.7,0,2,5.6,50,2.4,5.9,10,2.4,5.9,0,60,3,2.4,5.9,2.9,30,3,5.7,2.7,12,2.7,45,2.5,6.5,0,2.5,6.5,45,3.5,0.9,55.4
130,4.7,0,2.5,5.2,40,2.4,5.9,15,2.4,5.9,0,55,2.9,2.3,6.22,2.92,25,3,5.7,2.7,8,2.6,40,3.5,7,0,3.5,7,40,3.5,1,10.5
131,4.7,0,2.5,5.2,40,2.4,5.9,15,2.4,5.9,0,55,2.9,2.21,6.13,2.95,25,3,5.7,2.7,8,2.6,40,3.5,7,0,3.5,7,40,3.5,1,11
132,4.7,0,2.5,5.2,40,2.4,5.9,15,2.4,5.9,0,55,2.9,2.17,6.09,2.9,25,3,5.7,2.7,8,2.6,40,3.5,7,0,3.5,7,40,3.5,1,10
133,4.7,0,2.5,5.2,40,2.4,5.9,15,2.4,5.9,0,55,2.9,2.15,6.07,2.96,25,3,5.7,2.7,8,2.6,40,3.5,7,0,3.5,7,40,3.5,1,12
134,5.2,60,2,5.8,20,2.4,5.9,10,2.4,5.9,0,30,3,2.88,6.13,2.91,25,2.21,4.95,2.7,10,3.36,35,2.5,6.8,5,2.8,6.2,30,3.5,1.5,28.24
135,5.2,60,2,5.5,20,2.4,5.9,10,2.4,5.9,0,30,3,2.51,6.1,3.02,25,2.21,4.95,2.7,10,3.36,35,2.5,6.8,5,2.8,6.2,30,3.5,1.5,17.04
136,4.7,0,2,5.5,30,2.4,5.9,10,2.4,5.9,0,40,3,2.5,6.2,3.2,30,2.56,6.24,2.9,10,2.6,30,2.8,6.2,0,2.8,6.2,30,3.5,1,13.61
137,4.7,0,2,5.5,30,2.4,5.9,10,2.4,5.9,0,40,3,2.5,6.2,3.2,30,2.57,6.27,2.9,10,2.6,30,2.8,6.2,0,2.8,6.2,30,3.5,1,11.29
138,5.3,5,2.5,5.2,70,2.4,5.7,5,2.4,5.7,0,75,2.82,1.95,5.61,3.01,10,3,5.7,2.7,15,2.75,35,2.73,6.68,0,2.73,6.68,35,2.2,2,38.8
139,5.3,5,2.5,5.2,70,2.4,5.7,5,2.4,5.7,0,75,2.82,2.12,5.47,2.93,10,3,5.7,2.7,15,2.75,35,2.73,6.68,0,2.73,6.68,35,2.2,2,25
140,6.26,40,2.4,6.1,15,2.4,6.1,0,2.4,6.1,0,15,2.8,2.4,7.5,2.8,30,3,5.7,2.7,10,2.99,70,3.47,7.5,20,3.47,7.5,50,4.28,0,63.65
141,6.26,40,2.4,6.1,15,2.4,6.1,0,2.4,6.1,0,15,2.8,2.4,7.5,2.8,30,3,5.7,2.7,10,2.99,60,3.47,7.5,20,3.47,7.5,40,4.28,0,55.23
142,6.26,40,2.4,6.1,15,2.4,6.1,0,2.4,6.1,0,15,2.8,2.4,7.5,2.8,30,3,5.7,2.7,10,2.99,80,3.47,7.5,20,3.47,7.5,60,4.28,0,58.43
143,6.26,40,2.4,6.1,15,2.4,6.1,0,2.4,6.1,0,15,2.8,2.4,7.5,2.8,30,3,5.7,2.7,10,2.99,90,3.47,7.5,20,3.47,7.5,70,4.28,0,57.04
144,5.2,40,3.3,5.2,0,3.3,5.2,0,3.3,5.2,0,0,0,3.16,7.46,2.73,20,3,5.7,2.7,15,2.75,40,2.73,6.68,0,2.73,6.68,40,2.8,2,27.7
145,5.2,40,3.3,5.2,0,3.3,5.2,0,3.3,5.2,0,0,0,3.23,7.53,2.76,20,3,5.7,2.7,15,2.75,40,2.73,6.68,0,2.73,6.68,40,2.8,2,26.2
146,6.1,1,2.26,5.7,40,2.26,5.7,0,2.26,5.7,0,40,2.94,2.26,6.79,2.94,30,3.1,5.86,2.72,10,3.4,35,2.52,6.79,0,2.52,6.79,35,3.5,1,38.66
147,6.1,1,2.26,5.7,40,2.26,5.7,0,2.26,5.7,0,40,2.94,2.26,6.79,2.94,30,3.14,5.88,2.72,10,3.4,35,2.52,6.79,0,2.52,6.79,35,3.5,1,31.63
148,6.1,1,2.26,5.7,40,2.26,5.7,0,2.26,5.7,0,40,2.94,2.26,6.79,2.94,30,3.1,5.86,2.72,10,3.4,35,2.52,6.79,0,2.52,6.79,35,3.5,1,35.31
149,6.1,1,2.26,5.7,40,2.26,5.7,0,2.26,5.7,0,40,2.94,2.26,6.79,2.94,30,3.14,5.88,2.72,10,3.4,35,2.52,6.79,0,2.52,6.79,35,3.5,1,24.42
150,5.2,60,2,5.5,20,2.4,5.9,10,2.4,5.9,0,30,3,2.88,6.06,2.76,25,3,5.7,2.7,10,3.36,35,2.5,6.8,0,2.5,6.8,35,3.5,1,34.23
151,5.2,60,2,5.5,20,2.4,5.9,10,2.4,5.9,0,30,3,2.88,6.06,2.76,25,3,5.7,2.7,5,3.36,35,2.5,6.8,0,2.5,6.8,35,3.5,1,31.68
152,5.2,60,2,5.5,20,2.4,5.9,10,2.4,5.9,0,30,3,2.88,6.06,2.76,25,3,5.7,2.7,3,3.36,35,2.5,6.8,0,2.5,6.8,35,3.5,1,26.48
153,5.2,60,2.5,5.2,20,2.4,5.9,10,2.4,5.9,0,30,3,2.49,6.03,2.75,30,2.98,5.72,2.74,5,3.36,25,2.5,6.8,0,2.5,6.8,25,3.5,1,21.37
154,5.2,60,2.5,5.2,20,2.4,5.9,10,2.4,5.9,0,30,3,2.49,6.03,2.75,30,2.98,5.72,2.74,1,3.36,25,2.5,6.8,0,2.5,6.8,25,3.5,1,21.07
155,5.2,60,2.5,5.2,20,2.4,5.9,10,2.4,5.9,0,30,3,2.49,6.03,2.75,30,2.98,5.72,2.74,10,3.36,25,2.5,6.8,0,2.5,6.8,25,3.5,1,21.07
156,5.3,3,2.5,5.2,40,2.4,5.7,10,2.4,5.7,0,50,2.82,2.9,6.1,2.64,20,3,5.7,2.7,8,2.6,35,2.8,6.2,0,2.8,6.2,35,3.5,1,19
157,5.3,3,2.5,5.2,40,2.4,5.7,10,2.4,5.7,0,50,2.82,2.7,6.1,2.7,20,3,5.7,2.7,8,2.6,35,2.8,6.2,0,2.8,6.2,35,3.5,1,21
158,5.3,3,2.5,5.2,40,2.4,5.7,10,2.4,5.7,0,50,2.82,2.4,5.9,3,20,3,5.7,2.7,8,2.6,35,2.8,6.2,0,2.8,6.2,35,3.5,1,14.3
159,5.2,40,2,5.5,20,2,5.5,0,2,5.5,0,20,2.87,2.17,5.69,2.76,20,3,5.7,2.7,5,2.75,40,2.73,6.68,0,2.73,6.68,40,3.5,1,27.3
160,5.2,40,2,5.5,20,2,5.5,0,2,5.5,0,20,2.87,2.22,5.62,2.78,20,3,5.7,2.7,5,2.75,40,2.73,6.68,0,2.73,6.68,40,3.5,1,30.6
161,5.2,40,2,5.5,20,2,5.5,0,2,5.5,0,20,2.87,2.13,5.64,2.83,20,3,5.7,2.7,5,2.75,40,2.73,6.68,0,2.73,6.68,40,3.5,1,30.9
162,5.2,40,2,5.5,20,2,5.5,0,2,5.5,0,20,2.87,2.16,5.71,3.02,20,3,5.7,2.7,5,2.75,40,2.73,6.68,0,2.73,6.68,40,3.5,1,33.2
163,5.2,40,3.3,5.2,0,3.3,5.2,0,3.3,5.2,0,0,0,2.13,5.67,3,40,3,5.7,2.7,10,2.75,40,2.73,6.68,5,2.73,6.68,35,3.5,1,18
164,5.2,40,3.3,5.2,0,3.3,5.2,0,3.3,5.2,0,0,0,5.8,2.2,2.7,40,3,5.7,2.7,10,2.75,40,2.73,6.68,5,2.73,6.68,35,3.5,1,12
165,5.2,40,5.8,2.2,5,5.8,2.2,0,5.8,2.2,0,5,2.6,2.13,5.67,3,40,3,5.7,2.7,10,2.75,40,2.73,6.68,5,2.73,6.68,35,3.5,1,18
166,5.2,40,2,5.5,20,2,5.5,0,2,5.5,0,20,2.87,2.16,5.69,3.02,20,3,5.7,2.7,10,2.75,40,2.73,6.68,0,2.73,6.68,40,3.5,1,33.2
167,9.5,7,2,5.5,75,2,5.5,0,2,5.5,0,75,2.87,2.5,6.1,2.9,25,2.7,5.6,2.74,10,2.75,30,2.73,6.68,0,2.73,6.68,30,3.5,1.5,8.61
168,9.5,7,2,5.5,75,2,5.5,0,2,5.5,0,75,2.87,2.5,6.1,2.9,25,2.72,5.7,2.68,10,2.75,30,2.73,6.68,0,2.73,6.68,30,3.5,1.5,8.79
169,5.2,25,3.3,5.2,0,3.3,5.2,0,3.3,5.2,0,0,0,2,6.7,2.64,35,3,5.7,2.7,10,2.6,35,2.73,6.68,0,2.73,6.68,35,2.8,10,6.2
170,5.2,25,3.3,5.2,0,3.3,5.2,0,3.3,5.2,0,0,0,2.4,6.7,2.72,35,3,5.7,2.7,10,2.6,35,2.73,6.68,0,2.73,6.68,35,2.8,10,24.5
171,5.2,25,3.3,5.2,0,3.3,5.2,0,3.3,5.2,0,0,0,2.4,6.7,3.1,35,3,5.7,2.7,10,2.6,35,2.73,6.68,0,2.73,6.68,35,2.8,10,11.5
172,5.2,40,3.3,5.2,0,3.3,5.2,0,3.3,5.2,0,0,0,2.08,5.68,3.5,50,3,5.7,2.7,10,2.75,35,2.73,6.68,5,2.73,6.68,30,3.5,1,22
173,5.2,40,3.3,5.2,0,3.3,5.2,0,3.3,5.2,0,0,0,2.08,5.66,3.5,50,3,5.7,2.7,10,2.75,35,2.73,6.68,5,2.73,6.68,30,3.5,1,22
174,5.2,40,3.3,5.2,0,3.3,5.2,0,3.3,5.2,0,0,0,2.11,5.69,3.5,50,3,5.7,2.7,10,2.75,35,2.73,6.68,5,2.73,6.68,30,3.5,1,23
175,5.2,40,3.3,5.2,0,3.3,5.2,0,3.3,5.2,0,0,0,2.07,5.65,3.5,50,3,5.7,2.7,10,2.75,35,2.73,6.68,5,2.73,6.68,30,3.5,1,27.5
176,4.7,0,2.5,5.2,30,2.4,5.9,10,2.4,5.9,0,40,3,2.19,5.76,3.01,30,3,5.7,2.7,8,2.7,40,2.25,5.84,0,2.25,5.84,40,3.5,1,48.62
177,4.7,0,2.5,5.2,30,2.4,5.9,10,2.4,5.9,0,40,3,2.19,5.76,3.01,30,3,5.7,2.7,8,2.65,40,2.3,5.89,0,2.3,5.89,40,3.5,1,30.7
178,4.7,0,2.5,5.2,30,2.4,5.9,10,2.4,5.9,0,40,3,2.19,5.76,3.01,30,3,5.7,2.7,8,2.62,40,2.36,5.95,0,2.36,5.95,40,3.5,1,10.78
179,5.2,25,3.3,5.2,0,3.3,5.2,0,3.3,5.2,0,0,0,1.86,5.2,2.89,30,3,5.7,2.7,15,2.6,35,2.8,6.2,0,2.8,6.2,35,2.8,10,20.1
180,5.2,25,3.3,5.2,0,3.3,5.2,0,3.3,5.2,0,0,0,1.93,5.34,2.88,30,3,5.7,2.7,15,2.6,35,2.8,6.2,0,2.8,6.2,35,2.8,10,17.6
181,5.2,25,3.3,5.2,0,3.3,5.2,0,3.3,5.2,0,0,0,2.04,5.47,2.88,30,3,5.7,2.7,15,2.6,35,2.8,6.2,0,2.8,6.2,35,2.8,10,14
182,5.2,40,3.3,5.2,0,3.3,5.2,0,3.3,5.2,0,0,0,2.61,5.63,2.68,45,3,5.7,2.7,12,2.6,35,2.8,6.2,0,2.8,6.2,35,2.2,1,20.1
183,5.2,40,3.3,5.2,0,3.3,5.2,0,3.3,5.2,0,0,0,2.33,5.58,2.68,45,3,5.7,2.7,12,2.6,35,2.8,6.2,0,2.8,6.2,35,2.2,1,17.6
184,5.3,3,2,5.5,60,2,5.5,0,2,5.5,0,60,2.87,2,5.2,2.71,20,3.1,6.1,2.72,10,2.75,35,2.73,6.68,0,2.73,6.68,35,3.5,1,8
185,5.3,3,2.5,5.2,70,2.5,5.2,0,2.5,5.2,0,70,2.3,2,5.2,2.71,20,3.1,6.1,2.72,10,2.75,35,2.73,6.68,0,2.73,6.68,35,3.5,1,9
186,5.3,3,2,5.5,60,2,5.5,0,2,5.5,0,60,2.87,2,5.2,2.71,20,3.1,6.1,2.72,10,2.5,35,3,6.5,0,3,6.5,35,3.5,1,7
187,,1,2.26,5.7,40,2.26,5.7,0,2.26,5.7,0,40,2.9,2.5,6.8,3.36,30,2.96,5.72,2.69,10,3.36,35,2.5,6.8,0,2.5,6.8,35,3.5,1,38.1
188,,1,2.26,5.7,40,2.26,5.7,0,2.26,5.7,0,40,2.9,2.5,6.8,3.36,30,3.02,5.75,2.67,10,3.36,35,2.5,6.8,0,2.5,6.8,35,3.5,1,33.3
189,,1,2.26,5.7,40,2.26,5.7,0,2.26,5.7,0,40,2.9,2.5,6.8,3.36,30,3.02,5.8,2.75,10,3.36,35,2.5,6.8,0,2.5,6.8,35,3.5,1,21.2
190,5.2,40,2.4,5.7,10,2.4,5.7,0,2.4,5.7,0,10,2.82,2.46,5.57,2.78,35,3,5.7,2.7,10,2.75,30,2.73,6.68,0,2.73,6.68,30,2.2,1,26
191,5.2,40,2.4,5.7,10,2.4,5.7,0,2.4,5.7,0,10,2.82,2.53,5.56,2.81,35,3,5.7,2.7,10,2.75,30,2.73,6.68,0,2.73,6.68,30,2.2,1,25
192,4.7,0,2,5.5,75,2,5.5,0,2,5.5,0,0,2.87,2.11,5.61,2.92,15,3,5.7,2.7,3,2.6,,2.73,6.68,0,2.73,6.68,40,3.5,1,39.1
193,4.7,0,2,5.5,75,2,5.5,0,2,5.5,0,0,2.87,2.09,5.6,2.93,25,3,5.7,2.7,3,2.6,,2.73,6.68,0,2.73,6.68,40,3.5,1,36.2
194,4.7,0,2,5.5,75,2,5.5,0,2,5.5,0,0,2.87,2.09,5.6,2.93,25,3,5.7,2.7,3,2.6,,2.73,6.68,0,2.73,6.68,40,3.5,1,51.8
195,5.3,1,2.5,5.5,40,2.4,5.9,5,2.4,5.9,0,45,3,2.7,6.5,2.8,30,3,5.7,2.7,10,2.8,30,2.7,6.5,0,2.7,6.5,30,3.5,1,29.4
196,5.3,1,2.5,5.2,40,2.4,5.9,5,2.4,5.9,0,45,3,2.7,6.5,2.8,30,3,5.7,2.7,10,2.8,30,2.7,6.5,0,2.7,6.5,30,3.5,1,27.7
197,5.2,40,2,5.5,20,2.4,5.9,10,2.4,5.9,0,30,3,2.79,5.9,2.88,25,3,5.7,2.7,3,2.8,35,2.5,6.8,5,2.8,6.2,30,3.5,1,42.64
198,5.2,40,2,5.5,20,2.4,5.9,10,2.4,5.9,0,30,3,2.72,5.9,2.88,25,3,5.7,2.7,3,2.8,35,2.5,6.8,5,2.8,6.2,30,3.5,1,38.66
199,5.2,40,2,5.5,20,2.4,5.9,10,2.4,5.9,0,30,3,2.67,5.89,2.85,25,3,5.7,2.7,3,2.8,35,2.5,6.8,5,2.8,6.2,30,3.5,1,34.68
200,5.2,60,2,5.5,20,2.4,5.9,10,2.4,5.9,0,30,3,2.63,6.04,2.89,25,3,5.7,2.7,3,3.36,35,2.5,6.8,5,2.8,6.2,30,3.5,1,36.67
201,5.2,60,2,5.5,20,2.4,5.9,10,2.4,5.9,0,30,3,2.63,6.06,2.89,25,3,5.7,2.7,3,3.36,35,2.5,6.8,5,2.8,6.2,30,3.5,1,32.69
202,5.2,60,2,5.5,20,2.4,5.9,10,2.4,5.9,0,30,3,2.63,6.04,2.89,25,2.21,4.95,2.7,3,3.36,35,2.5,6.8,5,2.8,6.2,30,3.5,1,45.63
203,5.2,60,2,5.5,20,2.4,5.9,10,2.4,5.9,0,30,3,2.63,6.06,2.89,25,2.21,4.95,2.7,3,3.36,35,2.5,6.8,5,2.8,6.2,30,3.5,1,45.63
204,5.2,60,2,5.5,20,2.4,5.9,10,2.4,5.9,0,30,3,2.84,6.28,2.74,25,3,5.7,2.7,3,3.36,35,2.5,6.8,5,2.8,6.2,30,3.5,1,29.7
205,5.2,60,2,5.5,20,2.4,5.9,10,2.4,5.9,0,30,3,2.66,6.15,2.81,25,3,5.7,2.7,3,3.36,35,2.5,6.8,5,2.8,6.2,30,3.5,1,35.67
206,5.2,60,2,5.5,20,2.4,5.9,10,2.4,5.9,0,30,3,2.74,6.17,2.88,25,3,5.7,2.7,3,3.36,35,2.5,6.8,0,2.5,6.8,35,3.5,1,43.64
207,5.3,10,2.5,5.2,70,2.4,5.9,5,2.4,5.9,0,75,3,2.32,5.8,2.81,40,3,5.7,2.7,7,2.75,40,2.73,6.68,0,2.73,6.68,40,3.5,1,20.5
208,5.3,10,2.5,5.2,70,2.4,5.9,5,2.4,5.9,0,75,3,2.35,6.23,2.87,40,3,5.7,2.7,7,2.75,40,2.73,6.68,0,2.73,6.68,40,3.5,1,28.1
209,5.3,10,2.5,5.2,70,2.4,5.9,5,2.4,5.9,0,75,3,2.28,5.76,2.81,40,3,5.7,2.7,7,2.75,40,2.73,6.68,0,2.73,6.68,40,3.5,1,31.7
210,5.3,10,2.5,5.2,70,2.4,5.9,5,2.4,5.9,0,75,3,2.38,6.16,2.87,40,3,5.7,2.7,7,2.75,40,2.73,6.68,0,2.73,6.68,40,3.5,1,30.1
211,5.2,30,3.3,5.2,0,3.3,5.2,0,3.3,5.2,0,0,0,2.3,6.5,2.7,70,3,5.7,2.7,10,2.9,5,2.57,6.17,0,2.57,6.17,5,3.5,1,13
212,5.2,30,3.3,5.2,0,3.3,5.2,0,3.3,5.2,0,0,0,2.3,6.5,2.7,70,3,5.7,2.7,10,2.9,15,2.57,6.17,0,2.57,6.17,15,3.5,1,30
213,5.2,30,3.3,5.2,0,3.3,5.2,0,3.3,5.2,0,0,0,2.3,6.5,2.7,70,3,5.7,2.7,10,2.9,30,2.57,6.17,0,2.57,6.17,30,3.5,1,34
214,5.2,30,3.3,5.2,0,3.3,5.2,0,3.3,5.2,0,0,0,2.3,6.5,2.7,70,3,5.7,2.7,10,0,0,,,0,,,0,3.5,1,16
215,5.2,30,3.3,5.2,0,3.3,5.2,0,3.3,5.2,0,0,0,2.3,6.5,2.7,70,3,5.7,2.7,10,2.9,15,2.57,6.17,0,2.57,6.17,15,3.5,1,30
216,5.2,30,3.3,5.2,0,3.3,5.2,0,3.3,5.2,0,0,0,2.3,6.5,2.7,70,3,5.7,2.7,10,2.81,15,2.37,6.16,0,2.37,6.16,15,3.5,1,27
217,5.2,30,3.3,5.2,0,3.3,5.2,0,3.3,5.2,0,0,0,2.3,6.5,2.7,70,3,5.7,2.7,10,2.53,15,2.7,6.32,0,2.7,6.32,15,3.5,1,30
218,4.7,0,2,5.5,75,2,5.5,0,2,5.5,0,75,2.87,2.11,5.6,2.92,15,3,5.7,2.7,3,2.75,40,2.73,6.68,0,2.73,6.68,40,3.5,1.5,38
219,4.7,0,2,5.5,75,2,5.5,0,2,5.5,0,75,2.87,2.21,5.73,2.92,15,3,5.7,2.7,3,2.75,40,2.73,6.68,0,2.73,6.68,40,3.5,1.5,45
220,4.7,0,2,5.5,45,2.4,5.9,10,2.4,5.9,0,55,3,2.36,6.12,2.89,35,3,5.7,2.7,12,2.7,55,2.5,6.5,0,2.5,6.5,55,3.5,0.9,53
221,5.3,1,2,5.5,60,2,5.5,0,2,5.5,0,60,2.87,1.84,5.24,2.93,15,3.1,6.1,2.72,10,2.78,40,2.45,6.4,0,2.45,6.4,40,3.5,1,28
222,5.3,1,2,5.5,60,2,5.5,0,2,5.5,0,60,2.87,2.5,6.1,2.9,15,3.1,6.1,2.72,10,2.78,40,2.45,6.4,0,2.45,6.4,40,3.5,1,23
223,9.5,60,2.5,5.2,30,2.5,5.2,0,2.5,5.2,0,30,2.3,2.5,6.1,2.9,20,3,5.7,2.7,10,2.9,25,2.5,6.1,5,2.7,6.3,20,3.5,1,6.5
224,9.5,60,2.5,5.2,30,2.5,5.2,0,2.5,5.2,0,30,2.3,2.5,6.1,2.9,20,3,5.7,2.7,10,2.9,25,2.5,6.1,5,3,5.7,20,3.5,1,1
225,9.5,60,2.5,5.2,30,2.5,5.2,0,2.5,5.2,0,30,2.3,2.5,6.1,2.9,20,3,5.7,2.7,10,2.9,25,2.5,6.1,5,3,6.4,20,3.5,1,1.2
226,9.5,60,2.5,5.2,30,2.5,5.2,0,2.5,5.2,0,30,2.3,2.5,6.1,2.9,20,3,5.7,2.7,10,2.9,25,2.5,6.1,5,2.8,6.2,20,3.5,1,2.5
227,5.2,30,2.5,5.2,15,2.4,5.9,10,2.4,5.9,0,25,2.9,2.5,6.1,2.9,25,3,5.7,2.7,3,3.36,35,2.5,6.8,0,2.5,6.8,35,3.5,1,33.55
228,5.2,30,2.5,5.2,15,2.55,5.7,10,2.55,5.7,0,25,2.67,2.5,6.1,2.9,25,3,5.7,2.7,3,3.36,35,2.5,6.8,0,2.5,6.8,35,3.5,1,36.86
229,5.2,30,2.5,5.2,15,2,5.5,10,2,5.5,0,25,2.87,2.5,6.1,2.9,25,3,5.7,2.7,3,3.36,35,2.5,6.8,0,2.5,6.8,35,3.5,1,20.7
230,5.2,35,3.3,5.2,0,3.3,5.2,0,3.3,5.2,0,0,0,2.4,5.3,2.75,60,3,5.7,2.7,8,2.7,40,2.7,6.3,0,2.7,6.3,40,3.5,1,34.8
231,5.2,35,3.3,5.2,0,3.3,5.2,0,3.3,5.2,0,0,0,2.4,5.3,2.75,60,3,5.7,2.7,8,2.7,40,2.7,6.3,0,2.7,6.3,40,3.5,1,16.9
232,5.2,35,2.4,5.3,20,2.4,5.3,0,2.4,5.3,0,20,2.75,2.4,5.3,2.75,60,3,5.7,2.7,8,2.75,80,2.4,5.3,0,2.4,5.3,80,3.5,1,17
233,5.2,35,2.4,5.3,40,2.4,5.3,0,2.4,5.3,0,40,2.75,2.4,5.3,2.75,60,3,5.7,2.7,8,2.75,60,2.4,5.3,0,2.4,5.3,60,3.5,1,11.7
234,5.2,35,2.4,5.3,60,2.4,5.3,0,2.4,5.3,0,60,2.75,2.4,5.3,2.75,60,3,5.7,2.7,8,2.75,40,2.4,5.3,0,2.4,5.3,40,3.5,1,6.2
235,5.2,35,2.4,5.3,80,2.4,5.3,0,2.4,5.3,0,80,2.75,2.4,5.3,2.75,60,3,5.7,2.7,8,2.75,20,2.4,5.3,0,2.4,5.3,20,3.5,1,3.6
236,5.2,35,3.3,5.2,0,3.3,5.2,0,3.3,5.2,0,0,0,2.4,5.3,2.75,100,3,5.7,2.7,8,0,0,,,0,,,0,3.5,1,42.1
237,5.2,35,3.3,5.2,0,3.3,5.2,0,3.3,5.2,0,0,0,2.5,6.1,2.9,100,3,5.7,2.7,8,0,0,,,0,,,0,3.5,1,20.1
238,5.2,30,1.75,5.22,40,1.75,5.22,0,1.75,5.22,0,40,2.87,2.2,5.62,2.72,30,3,5.7,2.7,12,2.7,30,2.7,6.3,0,2.7,6.3,30,3.5,1,21.44
239,5.2,30,2,5.5,60,2,5.5,0,2,5.5,0,60,2.87,2.36,5.8,2.73,30,3,5.7,2.7,12,2.7,30,2.7,6.3,0,2.7,6.3,30,3.5,1,23.43
240,5.3,1,2,5.5,60,2,5.5,0,2,5.5,0,60,2.87,1.84,5.24,2.93,15,3.1,6.1,2.72,10,2.78,40,2.45,6.4,0,2.45,6.4,40,3.5,1,31
241,5.3,1,2,5.5,60,2,5.5,0,2,5.5,0,60,2.87,2.5,6.1,2.9,15,3.1,6.1,2.72,10,2.78,40,2.45,6.4,0,2.45,6.4,40,3.5,1,22
242,5.3,1,2,5.5,60,2,5.5,0,2,5.5,0,60,2.87,1.84,5.24,2.93,15,3.1,6.1,2.72,10,2.6,40,2.8,6.2,0,2.8,6.2,40,3.5,1,10.42
243,5.3,1,2,5.5,60,2,5.5,0,2,5.5,0,60,2.87,1.84,5.24,2.93,15,3.1,6.1,2.72,10,2.75,40,2.73,6.68,0,2.73,6.68,40,3.5,1,17.3
244,5.3,10,2,5.5,70,2,5.5,0,2,5.5,0,70,2.87,2.5,6.1,2.9,20,3,5.7,2.7,10,2.95,35,3.26,6.4,0,3.26,6.4,35,3.5,1,5
245,5.3,10,2,5.5,70,2,5.5,0,2,5.5,0,70,2.87,2.5,6.1,2.9,20,3,5.7,2.7,10,3,35,3.34,6.64,0,3.34,6.64,35,3.5,1,21.4
246,5.3,10,2,5.5,70,2,5.5,0,2,5.5,0,70,2.87,2.5,6.1,2.9,20,3,5.7,2.7,10,2.95,35,3.46,6.64,0,3.46,6.64,35,3.5,1,38.3
247,5.3,10,2,5.5,70,2,5.5,0,2,5.5,0,70,2.87,2.5,6.1,2.9,20,3,5.7,2.7,10,2.75,35,2.73,6.68,0,2.73,6.68,35,3.5,1,24.6
248,5.2,30,2.5,5.2,20,2.4,5.7,5,2.4,5.7,0,25,2.82,2.3,6.77,2.82,25,3,5.7,2.7,10,2.82,50,2.3,6.77,0,2.3,6.77,50,3.5,0.5,21.35
249,5.2,30,2.5,5.2,20,2.4,5.7,5,2.4,5.7,0,25,2.82,2.33,6.67,2.8,25,3,5.7,2.7,10,2.8,50,2.33,6.67,0,2.33,6.67,50,3.5,0.5,19.77
250,5.2,30,2.5,5.2,20,2.4,5.7,5,2.4,5.7,0,25,2.82,2.35,6.82,2.79,25,3,5.7,2.7,10,2.79,50,2.35,6.82,0,2.35,6.82,50,3.5,0.5,7.69
251,5.3,5,2.5,5.2,50,2.4,5.7,5,2.4,5.7,0,55,2.82,2.4,5.7,2.82,20,3,5.7,2.7,15,2.6,30,2.8,6.2,0,2.8,6.2,30,3.5,1,15
252,5.3,5,2.5,5.2,50,2.4,5.7,5,2.4,5.7,0,55,2.82,2.5,6.1,2.9,20,3,5.7,2.7,15,2.6,30,2.8,6.2,0,2.8,6.2,30,3.5,1,9
253,5.2,30,2.5,5.2,20,2.4,5.7,5,2.4,5.7,0,25,2.82,2.12,5.69,2.82,25,3,5.7,2.7,10,2.7,50,2.5,6.5,5,2.7,6.3,45,3.5,0.5,13.99
254,5.2,30,2.5,5.2,20,2.4,5.7,5,2.4,5.7,0,25,2.82,2.15,5.68,2.75,25,3,5.7,2.7,10,2.7,50,2.5,6.5,5,2.7,6.3,45,3.5,0.5,15.98
255,9.5,10,2,5.5,85,2,5.5,0,2,5.5,0,85,2.87,2.5,6.1,2.9,30,3,5.7,2.7,8,2.85,30,2.81,6.75,5,2.81,6.75,25,3.5,1,22.5
256,5.3,5,2.5,5.2,25,2.4,5.9,10,2.4,5.9,0,35,3,2.46,5.7,2.94,20,3,5.7,2.7,9,2.75,40,2.73,6.68,0,2.73,6.68,40,3.5,1,41.7
257,5.3,5,2.5,5.2,25,2.4,5.9,10,2.4,5.9,0,35,3,2.67,5.92,2.93,20,3,5.7,2.7,9,2.75,40,2.73,6.68,0,2.73,6.68,40,3.5,1,40.8
258,5.3,5,2.5,5.2,25,2.4,5.9,10,2.4,5.9,0,35,3,2.39,5.72,2.96,20,3,5.7,2.7,9,2.75,40,2.73,6.68,0,2.73,6.68,40,3.5,1,42.6
259,5.3,5,2.5,5.2,25,2.4,5.9,10,2.4,5.9,0,35,3,2.45,5.73,2.78,20,3,5.7,2.7,9,2.75,40,2.73,6.68,0,2.73,6.68,40,3.5,1,34.9
260,9.5,5,2,5.5,30,2,5.5,0,2,5.5,0,30,2.87,2.6,6.1,2.71,20,3,5.7,2.7,12,2.83,50,2.81,7.04,0,2.81,7.04,50,3.5,1,20.8
261,9.5,5,2,5.5,30,2,5.5,0,2,5.5,0,30,2.87,2.6,6.1,2.71,20,3,5.7,2.7,12,2.82,50,2.82,6.67,0,2.82,6.67,50,3.5,1,18.9
262,9.5,5,2,5.5,30,2,5.5,0,2,5.5,0,30,2.87,2.6,6.1,2.71,20,3,5.7,2.7,12,2.43,50,2.43,6.41,0,2.43,6.41,50,3.5,1,0
263,5.3,3,5.1,1.9,40,5.1,1.9,10,5.1,1.9,0,50,2.87,2.41,6.05,2.98,10,3,5.7,2.7,10,2.5,40,3,6.4,0,3,6.4,40,2.2,1,20
264,5.3,3,5.1,1.9,40,5.1,1.9,10,5.1,1.9,0,50,2.87,2.5,6.05,2.9,10,3,5.7,2.7,10,2.5,40,3,6.4,0,3,6.4,40,2.2,1,28
265,5.2,30,2.5,5.2,80,2.4,5.9,30,2.4,5.9,0,110,3,2.25,5.6,3.02,30,3,5.7,2.7,16,2.6,50,2.8,6.2,0,2.8,6.2,50,3.5,1,14.8
266,5.2,30,2.5,5.2,80,2.4,5.9,30,2.4,5.9,0,110,3,2.2,5.59,3.02,30,3,5.7,2.7,16,2.6,50,2.8,6.2,0,2.8,6.2,50,3.5,1,13
267,5.2,30,2.5,5.2,80,2.4,5.9,30,2.4,5.9,0,110,3,2.19,5.43,2.97,30,3,5.7,2.7,16,2.6,50,2.8,6.2,0,2.8,6.2,50,3.5,1,22.9
268,5.2,30,2.5,5.2,80,2.4,5.9,30,2.4,5.9,0,110,3,2.2,5.57,3.02,30,3,5.7,2.7,16,2.6,50,2.8,6.2,0,2.8,6.2,50,3.5,1,10.1
269,5.2,30,2.5,5.2,80,2.4,5.9,30,2.4,5.9,0,110,3,2.2,5.46,2.89,30,3,5.7,2.7,16,2.6,50,2.8,6.2,0,2.8,6.2,50,3.5,1,19.4
270,5.2,30,2.5,5.2,30,2.4,5.9,10,2.4,5.9,0,60,3,2.19,5.43,2.97,30,3,5.7,2.7,16,2.6,50,2.8,6.2,0,2.8,6.2,30,3.5,1,21.9
271,5.2,30,2.5,5.2,30,2.4,5.9,10,2.4,5.9,0,60,3,2.19,5.43,2.97,30,3,5.7,2.7,16,3.4,50,2.2,5.6,0,2.2,5.6,30,3.5,1,37.2
272,5.2,30,1.9,5.6,40,1.9,5.6,0,1.9,5.6,0,30,3.02,2.19,5.43,2.97,30,3,5.7,2.7,16,2.6,50,2.8,6.2,0,2.8,6.2,30,3.5,1,12.6
273,5.2,30,1.9,5.6,40,1.9,5.6,0,1.9,5.6,0,30,3.02,2.19,5.43,2.97,30,3,5.7,2.7,16,3.4,50,2.2,5.6,0,2.2,5.6,30,3.5,1,49.4
274,4.7,0,2.5,5.2,40,2.4,5.7,5,2.4,5.7,0,45,2.82,1.77,5.3,2.75,20,3,5.7,2.7,8,2.7,40,2.7,6.3,0,2.7,6.3,40,3.5,1,12.8
275,4.7,0,2.5,5.2,40,2.4,5.7,5,2.4,5.7,0,45,2.82,2.17,5.56,2.76,20,3,5.7,2.7,8,2.7,40,2.7,6.3,0,2.7,6.3,40,3.5,1,9.3
276,4.7,0,1.9,5.1,30,1.9,5.1,0,1.9,5.1,0,30,2.67,2.08,5.38,2.67,30,3,5.7,2.7,10,2.5,40,3,6.4,0,3,6.4,40,2.8,10,4.8
277,4.7,0,1.9,5.1,30,2,5.5,8,2,5.5,0,38,2.87,2.08,5.38,2.67,30,3,5.7,2.7,10,3.36,35,2.5,6.8,8,2.8,6.2,30,2.8,10,6.28
278,4.7,0,1.9,5.1,30,2,5.5,8,2,5.5,0,38,2.87,2.08,5.38,2.67,30,3,5.7,2.7,10,3.36,35,2.5,6.8,8,2.8,6.2,30,2.8,10,6.28
279,5.2,35,3.3,5.2,0,3.3,5.2,0,3.3,5.2,0,0,0,2.7,5.8,2.6,20,3,5.7,2.7,10,2.6,50,2.8,6.2,0,2.8,6.2,32,3.5,1,13.3
280,5.2,35,2,5.3,10,2,5.3,0,2,5.3,0,10,2.88,2.7,5.8,2.6,20,3,5.7,2.7,10,2.6,50,2.8,6.2,0,2.8,6.2,32,3.5,1,16
281,5.2,35,3.3,5.2,0,3.3,5.2,0,3.3,5.2,0,0,0,2.4,5.7,2.82,20,3,5.7,2.7,10,2.6,50,2.8,6.2,0,2.8,6.2,32,3.5,1,20.6
282,5.2,35,2,5.3,10,2,5.3,0,2,5.3,0,10,2.88,2.4,5.7,2.82,20,3,5.7,2.7,10,2.6,50,2.8,6.2,0,2.8,6.2,32,3.5,1,21.7
283,5.2,40,3.3,5.2,0,3.3,5.2,0,3.3,5.2,0,0,0,1.62,5.23,3.01,60,3,5.7,2.7,10,2.75,35,2.73,6.68,0,2.73,6.68,35,3.5,1,3
284,5.2,40,3.3,5.2,0,3.3,5.2,0,3.3,5.2,0,0,0,1.63,5.12,2.97,60,3,5.7,2.7,10,2.75,35,2.73,6.68,0,2.73,6.68,35,3.5,1,4
285,5.2,40,3.3,5.2,0,3.3,5.2,0,3.3,5.2,0,0,0,2.09,5.6,3.02,60,3,5.7,2.7,10,2.75,35,2.73,6.68,0,2.73,6.68,35,3.5,1,0.6
286,5.2,40,3.3,5.2,0,3.3,5.2,0,3.3,5.2,0,0,0,2.01,5.47,2.99,60,3,5.7,2.7,10,2.75,35,2.73,6.68,0,2.73,6.68,35,3.5,1,3
287,5.2,40,3.3,5.2,0,3.3,5.2,0,3.3,5.2,0,0,0,2,5.5,2.87,60,3,5.7,2.7,10,2.75,35,2.73,6.68,0,2.73,6.68,35,3.5,1,2
288,5.3,1,2,5.5,50,2.4,5.9,10,2.4,5.9,0,60,3,2.24,5.8,3.03,20,2.7,5.48,2.66,12,2.95,50,3.32,6.67,0,3.32,6.67,50,3.5,0.5,53.6
289,5.3,1,2,5.5,50,2.4,5.9,10,2.4,5.9,0,60,3,2.24,5.8,3.03,20,2.7,5.48,2.66,12,2.95,50,3.32,6.67,0,3.32,6.67,50,3.5,0.5,47.2
290,5.3,1,2,5.5,40,2.4,5.9,10,2.4,5.9,0,50,3,2.5,6.6,2.8,20,2.39,5.33,2.54,12,2.95,50,3.32,6.67,0,3.32,6.67,50,3.5,1,18.07
291,5.3,1,2,5.5,40,2.4,5.9,10,2.4,5.9,0,50,3,2.5,6.6,2.8,20,2.31,5.32,2.54,12,2.95,50,3.32,6.67,0,3.32,6.67,50,3.5,1,12.79
292,9.5,30,2.5,5.2,10,2.4,5.7,10,2.4,5.7,0,20,2.82,2.4,5.9,3,20,2.5,5.98,2.56,10,2.75,40,2.73,6.68,0,2.73,6.68,40,2.8,1,7
293,9.5,30,2.5,5.2,10,2.4,5.7,10,2.4,5.7,0,20,2.82,2.4,5.9,3,20,2.82,6.12,2.67,10,2.75,40,2.73,6.68,0,2.73,6.68,40,2.8,1,5.9
294,9.5,30,2.5,5.2,10,2.4,5.7,10,2.4,5.7,0,20,2.82,2.4,5.9,3,20,2.89,6.17,2.6,10,2.75,40,2.73,6.68,0,2.73,6.68,40,2.8,1,2
295,5.9,1,2.26,5.7,40,2.26,5.7,0,2.26,5.7,0,40,2.71,2.26,5.7,2.93,30,3.02,5.8,2.75,10,3.36,35,2.5,6.8,0,2.5,6.8,35,4.28,0,38.1
296,9.5,10,2,5.5,45,2,5.5,0,2,5.5,0,45,2.87,2.55,5.9,2.9,20,2.2,4.8,2.62,12,2.75,45,2.73,6.68,0,2.73,6.68,45,2.8,2,60.3
297,9.5,10,2,5.5,45,2,5.5,0,2,5.5,0,45,2.87,2.4,5.9,3,20,2.2,4.8,2.62,12,2.75,45,2.73,6.68,0,2.73,6.68,45,2.8,2,49.8
298,9.5,6,2,5.5,40,2.4,5.7,10,2.4,5.7,0,50,2.82,2.51,5.92,2.71,25,2.21,5.21,2.77,30,2.6,30,2.8,6.2,0,2.8,6.2,30,3.5,1.2,1.72
299,9.5,6,2,5.5,40,2.4,5.7,10,2.4,5.7,0,50,2.82,2.49,5.53,2.08,25,2.21,5.21,2.77,30,2.6,30,2.8,6.2,0,2.8,6.2,30,3.5,1.2,1.9
300,9.5,6,2,5.5,40,2.4,5.7,10,2.4,5.7,0,50,2,2.5,6.6,2.8,25,2.21,5.21,2.77,30,2.6,30,2.8,6.2,0,2.8,6.2,30,3.5,1.2,4.58
301,5.3,3,2,5.5,50,2.4,5.7,5,2.4,5.7,0,55,2.82,2.6,6.1,2.71,15,2.95,5.96,2.64,10,2.75,50,2.73,6.68,0,2.73,6.68,50,3.5,1,48.79
302,5.3,3,2,5.5,50,2,5.5,0,2,5.5,0,50,2.87,2.6,6.1,2.71,15,2.95,5.96,2.64,10,2.75,50,2.73,6.68,0,2.73,6.68,50,3.5,1,48.06
303,5.3,3,2,5.5,50,2,5.5,0,2,5.5,0,50,2.87,2.6,6.1,2.71,15,3,5.95,2.64,8,2.75,50,2.73,6.68,0,2.73,6.68,50,3.5,1,48.01
304,5.3,3,2,5.5,50,2,5.5,0,2,5.5,0,50,2.87,2.6,6.1,2.71,15,3,5.95,2.64,12,2.75,50,2.73,6.68,0,2.73,6.68,50,3.5,1,47.08
305,5.3,3,2,5.5,50,2,5.5,0,2,5.5,0,50,2.87,2.6,6.1,2.71,15,3,5.95,2.64,10,2.75,50,2.73,6.68,0,2.73,6.68,50,3.5,1,46.81
306,5.3,3,2,5.5,50,2,5.5,0,2,5.5,0,50,2.87,2.6,6.1,2.71,15,3,5.95,2.64,8,2.75,50,2.73,6.68,0,2.73,6.68,50,3.5,1,46.09
307,5.3,3,2,5.5,50,2,5.5,0,2,5.5,0,50,2.87,2.6,6.1,2.71,15,3,5.95,2.64,12,2.75,50,2.73,6.68,0,2.73,6.68,50,3.5,1,45.38
308,5.3,3,2,5.5,50,2.4,5.7,5,2.4,5.7,0,55,2.82,2.6,6.1,2.71,15,3,5.95,2.64,10,2.75,50,2.73,6.68,0,2.73,6.68,50,3.5,1,43.32
309,9.5,10,2,5.5,45,2,5.5,0,2,5.5,0,45,2.87,2.12,5.57,2.8,20,2.2,4.8,2.62,15,2.75,40,2.73,6.68,0,2.73,6.68,40,2.8,2,54.1
310,9.5,10,2,5.5,40,2,5.5,0,2,5.5,0,40,2.87,2.4,6.1,2.8,15,2.96,5.53,2.7,10,2.69,55,2.6,6.8,0,2.6,6.8,55,3.5,0.5,36.3
311,9.5,10,2,5.5,40,2,5.5,0,2,5.5,0,40,2.87,2.4,6.1,2.8,15,2.96,5.53,2.7,10,2.69,55,2.6,6.8,0,2.6,6.8,55,3.5,0.5,34
312,5.2,45,3.3,5.2,0,3.3,5.2,0,3.3,5.2,0,0,0,2.26,5.28,2.8,40,2.26,5.28,2.66,0,2.7,65,2.91,6.56,0,2.91,6.56,65,3.5,0.5,15.1
313,5.2,45,3.3,5.2,0,3.3,5.2,0,3.3,5.2,0,0,0,2.26,5.28,2.8,40,2.26,5.28,2.66,0,2.7,65,2.91,6.56,0,2.91,6.56,65,3.5,0.5,21.2
